stage,topic,level,question,option_a,option_b,option_c,option_d,correct_option,explanation,question_type,question_order
1,Money Basics,1,What is the primary difference between simple interest and compound interest?,Simple earns interest only on principal; compound earns interest on principal plus accumulated interest,Simple interest is paid monthly; compound interest is paid annually,Simple interest is always higher than compound interest,Compound interest applies only to savings accounts,A,"With simple interest, I = P×r×t. With compound interest, interest is periodically added to the principal, so future interest also earns interest — dramatically accelerating growth over time.",core,1
1,Money Basics,1,What is the Rule of 72 and how is it applied?,Divide 72 by the annual interest rate to estimate the number of years to double an investment,Multiply 72 by your return rate to find total portfolio value,Divide your savings balance by 72 to find your monthly contribution requirement,72 minus your age equals the percentage to hold in equities,A,"At 6% annual return, 72÷6 = 12 years to double. This mental math shortcut also works in reverse: at 3% inflation, purchasing power halves in 24 years.",core,1
1,Money Basics,1,What is the sequence of returns risk in retirement and why does it matter more than average returns?,"Poor early returns force more share liquidation, depleting the portfolio before recovery — average returns don't capture this timing effect",High returns early in retirement accelerate portfolio depletion through excess withdrawals,"Sequence risk only matters for bond portfolios, not stock-heavy ones",Average returns fully predict retirement portfolio outcomes when combined with withdrawal rates,A,"Two retirees with identical average returns but different timing can have vastly different outcomes. A 30% drop in year one forces selling more shares, permanently reducing the base available for recovery.",core,1
1,Money Basics,1,What is the Efficient Market Hypothesis (EMH) and what are its three forms?,"EMH states prices reflect all available information; weak (past prices), semi-strong (public info), strong (all info including insider)",EMH states only institutional investors can consistently beat the market in three distinct timeframes,"EMH has two forms: fundamental and technical, both asserting markets are always correctly priced",EMH claims diversification eliminates all investment risk across three asset classes,A,Weak form: technical analysis can't beat the market. Semi-strong: fundamental analysis can't either. Strong: even insider trading can't generate excess returns. Most evidence supports semi-strong form.,core,1
1,Money Basics,1,What is the Sharpe Ratio formula and what does it measure in portfolio management?,Sharpe Ratio = (Portfolio Return − Risk-Free Rate) / Standard Deviation; measures risk-adjusted return per unit of total volatility,Sharpe Ratio = Portfolio Return / Beta; measures return relative to market risk,Sharpe Ratio = Alpha / Beta; measures manager skill relative to market exposure,Sharpe Ratio = (Return − Inflation) / Duration; measures real return per year of investment,A,"A Sharpe Ratio of 1.0 means you earn 1% excess return per 1% of volatility. Higher is better. It allows comparing portfolios with different risk levels on equal footing, though it uses total volatility (not just downside).",core,1
1,Money Basics,1,"Which budgeting method allocates 50% to needs, 30% to wants, and 20% to savings and debt repayment?",The 50/30/20 rule,The zero-based budget,The envelope method,The pay-yourself-first method,A,"Popularized by Elizabeth Warren, the 50/30/20 rule is a simple percentage framework. It differs from zero-based budgeting (every dollar assigned) and the envelope method (cash in physical envelopes).",core,2
1,Money Basics,1,What distinguishes a Roth IRA from a Traditional IRA regarding tax treatment?,Roth contributions are after-tax with tax-free withdrawals; Traditional contributions are pre-tax with taxable withdrawals,Roth has higher contribution limits than Traditional IRAs,Traditional IRA withdrawals are tax-free; Roth withdrawals are taxed,Both accounts have identical tax treatment but different investment options,A,Roth is better if you expect higher taxes in retirement; Traditional is better if you expect lower taxes. The key trade-off is paying taxes now (Roth) vs. deferring them (Traditional).,core,2
1,Money Basics,1,How does tax-loss harvesting work and what is the wash-sale rule's role?,Selling losing positions to offset capital gains; the wash-sale rule prevents repurchasing the same security within 30 days before or after,Deferring capital gains by holding assets over one year; wash-sale prevents selling at a loss,Converting traditional IRAs to Roth accounts; wash-sale prevents double taxation,Harvesting dividend income in tax-advantaged accounts; wash-sale applies to dividend reinvestment,A,"Tax-loss harvesting reduces your tax bill by realizing losses that offset gains. The IRS wash-sale rule prevents immediately buying back the same security, which would make the loss purely cosmetic.",core,2
1,Money Basics,1,What is behavioral finance and how does loss aversion specifically affect investor decision-making?,"Behavioral finance studies psychological biases; loss aversion causes investors to feel losses ~2× more intensely than equivalent gains, leading to excessive risk avoidance",Behavioral finance focuses on corporate financial statements; loss aversion causes investors to over-diversify,Loss aversion refers to investors always choosing lower-risk assets regardless of return expectations,"Behavioral finance only studies retail investor behavior, not institutional decision-making",A,"Kahneman and Tversky's prospect theory shows losses loom larger than gains psychologically. This leads to holding losers too long, selling winners too early (disposition effect), and refusing good-risk-adjusted opportunities.",core,2
1,Money Basics,1,What distinguishes the Sortino Ratio from the Sharpe Ratio and when is it more appropriate?,Sortino uses only downside deviation (not total volatility) in the denominator; more appropriate when return distributions are asymmetric or positively skewed,Sortino replaces the risk-free rate with inflation; appropriate for real return measurement,Sortino adds a skewness adjustment to the Sharpe Ratio for non-normal distributions,Sortino uses median return instead of mean return; appropriate for illiquid asset classes,A,"Sharpe penalizes upside volatility equally with downside. Sortino correctly penalizes only downside risk. For a fund with occasional large gains (right-skewed), Sortino is more flattering and arguably more accurate.",core,2
1,Money Basics,1,What does it mean when a savings account has an APY of 4.5%?,Your money grows by 4.5% per year including compounding effects,You earn exactly 4.5 cents for every dollar deposited,The bank charges you 4.5% annually for holding your funds,You must deposit 4.5% of your income monthly,A,"APY (Annual Percentage Yield) reflects the real rate of return after accounting for compounding within the year, making it more accurate than the nominal APR for comparing savings products.",core,3
1,Money Basics,1,What is dollar-cost averaging and what behavioral bias does it help overcome?,Investing a fixed amount regularly regardless of price; it overcomes market timing temptation,Investing a lump sum when prices are lowest; it overcomes loss aversion,Diversifying equally across all asset classes; it overcomes overconfidence,Rebalancing a portfolio quarterly; it overcomes recency bias,A,"DCA removes the emotional decision of 'when to invest.' By investing consistently, you automatically buy more shares when prices fall and fewer when they rise, lowering your average cost.",core,3
1,Money Basics,1,"What is the difference between nominal and real interest rates, and what formula connects them?",Nominal is the stated rate; real adjusts for inflation; connected by: Real Rate ≈ Nominal Rate − Inflation Rate,Real rate is always higher than nominal rate in a growing economy,Nominal rate accounts for taxes; real rate does not,The Fisher equation states: Nominal = Real × Inflation Rate,A,The Fisher equation (exact): (1 + nominal) = (1 + real)(1 + inflation). The approximation (nominal − inflation) works well for low rates. A 5% nominal return during 3% inflation yields only ~2% real return.,core,3
1,Money Basics,1,What is a 1031 exchange and what are the two critical time deadlines investors must meet?,"A tax-deferred real estate exchange; 45 days to identify replacement property, 180 days to close",A tax-deferred stock exchange; 30 days to identify and 90 days to execute,A business succession strategy; 60 days to identify and 120 days to finalize,A charitable giving vehicle; no time limits apply,A,"Under IRC §1031, selling real estate and reinvesting proceeds into like-kind property defers capital gains taxes. Miss either deadline and the entire tax deferral is lost — making strict timeline management critical.",core,3
1,Money Basics,1,What is factor investing and which five factors does academic research consistently identify as return drivers?,"Targeting securities with empirically validated characteristics; five factors: market risk, size, value, momentum, and profitability/quality","Investing based on macroeconomic forecasts; five factors: GDP, inflation, employment, rates, and trade balance","Active stock picking with five screens: P/E, P/B, dividend yield, beta, and analyst rating","Passive index investing with five tilts: large-cap, growth, international, bonds, and real estate",A,The Fama-French five-factor model (2015) captures persistent return premiums. Factor ETFs attempt to exploit these academically-documented sources of excess return at relatively low cost.,core,3
1,Money Basics,1,What is the difference between a tax deduction and a tax credit?,A deduction reduces taxable income; a credit directly reduces tax owed dollar-for-dollar,A deduction is refundable; a credit is not,A credit reduces taxable income; a deduction reduces tax owed,Both have identical effects on your total tax bill,A,"A $1,000 deduction saves you only your marginal rate × $1,000 (e.g., $220 at 22%), while a $1,000 tax credit saves you the full $1,000 — making credits more valuable.",core,4
1,Money Basics,1,What is a marginal tax rate and how does it differ from an effective tax rate?,Marginal is the rate on your last dollar earned; effective is the average rate paid across all income,Marginal and effective rates are the same for most middle-income earners,Effective rate applies to capital gains; marginal rate applies to ordinary income only,Marginal rate is always lower than effective rate,A,"A 24% marginal rate doesn't mean you pay 24% on all income. The U.S. progressive system taxes each bracket separately, so your effective rate is always lower than your marginal rate.",core,4
1,Money Basics,1,What is an HSA triple tax advantage and who is eligible to contribute?,"Contributions are tax-deductible, growth is tax-free, and qualified withdrawals are tax-free; requires enrollment in a high-deductible health plan (HDHP)","Contributions, growth, and withdrawals are all taxed at 15%; requires any employer health insurance","Pre-tax contributions, taxable growth, tax-free withdrawals; requires Medicare enrollment",After-tax contributions with no taxes on growth; available to anyone with health insurance,A,"HSAs are uniquely powerful: the only account with three tax advantages. Unused funds roll over indefinitely and after age 65 can be used for any purpose (taxed as ordinary income), making them function like a stealth IRA.",core,4
1,Money Basics,1,What is a qualified opportunity zone (QOZ) and what are its three potential tax benefits?,"A designated low-income investment area; benefits include capital gains deferral, partial step-up, and permanent exclusion if held 10+ years","A retirement account with three tax brackets: 0%, 15%, and 20%","A municipal bond offering federal, state, and local tax exemptions","A real estate zone with accelerated depreciation, bonus depreciation, and cost segregation benefits",A,"QOZ benefits stack: defer original gains until 2026, receive a partial step-up in basis (reducing taxable gain), and pay zero tax on QOZ appreciation if held 10+ years. Created by the Tax Cuts and Jobs Act 2017.",core,4
1,Money Basics,1,What is convexity in bond investing and why does it matter beyond duration?,Convexity measures the curvature of the price-yield relationship; bonds with higher convexity gain more when rates fall and lose less when rates rise than duration alone predicts,Convexity measures the frequency of coupon payments relative to bond maturity,Convexity is the second derivative of bond price with respect to credit spread changes,"Convexity adjusts bond yields for inflation, making real returns comparable across maturities",A,"Duration provides a linear approximation of price changes. Convexity corrects this: for large rate moves, the actual price change curve is convex (bowed). Positive convexity is desirable — you're helped more than hurt by big rate swings.",core,4
1,Money Basics,1,What is opportunity cost in personal financial decision-making?,The value of the best alternative you gave up when making a choice,The interest cost of borrowing money for a purchase,The difference between gross and net income,The penalty for withdrawing retirement savings early,A,Every financial choice has a hidden cost: buying a car with savings means losing potential investment returns. Recognizing opportunity cost leads to more deliberate financial decisions.,core,5
1,Money Basics,1,How does liquidity affect financial planning decisions?,More liquid assets allow faster access to cash but typically offer lower returns; a balance is essential,Maximum liquidity always maximizes total wealth over time,"Liquidity only matters for businesses, not personal finance",Liquid assets always outperform illiquid investments in the long run,A,"Cash (high liquidity, low return) vs. real estate (low liquidity, potentially high return) illustrates the trade-off. Emergency funds need liquidity; long-term savings can tolerate illiquidity for better returns.",core,5
1,Money Basics,1,What is a backdoor Roth IRA conversion and why do high earners use it?,Making a non-deductible Traditional IRA contribution then converting to Roth to bypass income limits,Withdrawing from a Traditional IRA early and redepositing into a Roth without penalty,Rolling over a 401(k) directly into a Roth IRA after leaving a job,Converting a SEP-IRA to a Roth IRA to avoid required minimum distributions,A,"In 2024, direct Roth IRA contributions phase out above $146K (single) / $230K (married). The backdoor strategy bypasses this by contributing to a non-deductible Traditional IRA first, then immediately converting it.",core,5
1,Money Basics,1,What is the step-up in basis at death and how does it interact with estate planning strategies?,"Inherited assets are reset to fair market value at death, eliminating capital gains tax on lifetime appreciation",Inherited assets are taxed at a stepped-up rate of 28% regardless of holding period,"The step-up only applies to real estate, not stocks or business interests",The step-up reduces the estate tax owed but doesn't affect capital gains calculations,A,"If a parent bought stock for $10K and it's worth $500K at death, heirs inherit it at $500K basis — zero capital gains if sold immediately. This makes the 'buy, borrow, die' strategy powerful for wealth transfer.",core,5
1,Money Basics,1,What is a total return swap and how do hedge funds use it to gain synthetic leverage?,A contract exchanging total return (price appreciation + income) of a reference asset for a fixed/floating payment; hedge funds gain full economic exposure without owning the asset,"A swap exchanging dividend income for fixed interest, used to convert equity to debt exposure",A fixed-income derivative paying the difference between two bond yields across maturities,A currency swap converting foreign investment returns into USD without FX risk,A,TRS lets a fund gain $100M of equity exposure with minimal upfront capital — the bank owns the asset and receives the fixed leg; the fund receives all price gains and dividends. This creates off-balance-sheet leverage.,core,5
1,Money Basics,1,How does inflation erode purchasing power over time?,"Rising prices mean each dollar buys fewer goods, reducing the real value of money held in cash",Inflation increases the nominal value of all assets proportionally,"Inflation only affects imported goods, not domestic spending",Inflation always increases wages at the same rate as prices,A,"At 3% annual inflation, $100 today buys only ~$74 worth of goods in 10 years. Holding too much cash long-term is a subtle but real financial risk.",reinforcement,6
1,Money Basics,1,What is the time value of money (TVM) principle and what are its two core components?,Money today is worth more than the same amount in the future; core components are present value and future value,Money always grows at inflation rate; components are nominal and real returns,Future money is worth more due to guaranteed investment gains; components are risk and return,Time value only applies to borrowed money; components are principal and interest,A,"TVM underlies all finance: $1,000 today invested at 7% becomes $1,967 in 10 years. PV is what a future sum is worth today; FV is what a present sum grows to.",reinforcement,6
1,Money Basics,1,How does the alternative minimum tax (AMT) work and who is most likely to trigger it?,AMT is a parallel tax system recalculating income by disallowing certain deductions; taxpayers pay whichever is higher,AMT is an additional 3.8% surtax on investment income above $200K,AMT replaces the regular income tax for earners above $500K,AMT only applies to capital gains and dividend income,A,AMT disallows deductions like state/local taxes and certain incentive stock option spreads. You calculate both regular and AMT liability and pay the higher. It most often affects upper-middle earners with high state taxes or ISOs.,reinforcement,6
1,Money Basics,1,What is FATCA and what obligations does it impose on foreign financial institutions?,Foreign Account Tax Compliance Act requires foreign banks to identify and report US account holders' assets to the IRS or face 30% withholding,A US tariff law requiring foreign companies to disclose US revenue to the Treasury,A banking regulation requiring US citizens to report foreign accounts above $50K,An IRS rule that taxes US citizens on foreign income at a flat 30% rate,A,"FATCA (2010) combats offshore tax evasion. Foreign Financial Institutions (FFIs) must enter agreements with the IRS to report US clients, or face 30% withholding on US-source payments.",reinforcement,6
1,Money Basics,1,What is the information ratio and how does it differ from the Sharpe Ratio in evaluating active managers?,"IR = Active Return / Tracking Error; it measures manager skill relative to a benchmark, while Sharpe measures excess return over the risk-free rate relative to total volatility",IR adds inflation adjustment to the Sharpe Ratio for institutional managers,"IR uses Jensen's alpha instead of excess return, making it suitable for multi-asset portfolios",IR and Sharpe are identical except IR uses annualized instead of monthly data,A,"IR = (Portfolio Return − Benchmark Return) / Tracking Error. A high IR (>0.5) indicates consistent benchmark-beating skill. Unlike Sharpe, it isolates the active management decision from the market beta contribution.",reinforcement,6
1,Money Basics,1,What is the purpose of an emergency fund and what size is typically recommended?,To cover unexpected expenses; typically 3–6 months of essential living costs,To invest in opportunities quickly; typically 1 month of income,To pay off debt faster; typically 10% of annual salary,To fund vacations and large purchases; typically 2 months of expenses,A,"An emergency fund prevents you from going into debt when job loss, medical bills, or car repairs strike. It should be liquid (savings account), not invested in volatile assets.",reinforcement,7
1,Money Basics,1,What is a debt-to-income (DTI) ratio and what threshold do mortgage lenders typically require?,Monthly debt payments ÷ gross monthly income; lenders typically require DTI below 43%,Total debt ÷ annual income; lenders require below 100%,Monthly expenses ÷ net income; lenders require below 50%,Total liabilities ÷ total assets; lenders require below 80%,A,"DTI measures your ability to manage monthly payments. Most conventional mortgage lenders cap at 43% DTI, though 36% or below is considered healthy for overall financial stability.",reinforcement,7
1,Money Basics,1,What is the purpose of asset-liability matching in personal financial planning?,Aligning the maturity and duration of assets with the timing of known future financial obligations,Keeping an equal dollar amount of assets and liabilities at all times,Matching investment returns to the rate of inflation,Diversifying across asset classes to reduce portfolio volatility,A,"ALM ensures liquidity when needed: a bond maturing when a child starts college, or an annuity starting at retirement. It eliminates the need to sell long-term assets at potentially bad times.",reinforcement,7
1,Money Basics,1,How does a grantor retained annuity trust (GRAT) transfer wealth with minimal gift tax?,"The grantor transfers appreciating assets into a trust, retains annuity payments, and passes appreciation to heirs gift-tax free if the asset outperforms the IRS hurdle rate",GRATs convert ordinary income to capital gains for estate tax reduction,GRATs defer estate taxes by holding assets in trust for 10 years before transfer,"The grantor pays gift tax upfront on all assets transferred, then receives it back as an annuity",A,"GRATs work by beating the IRS §7520 hurdle rate. If a $10M asset transferred to a GRAT grows at 15% vs. the 5% hurdle rate, the excess passes to heirs with zero gift tax — a powerful tool for wealthy families.",reinforcement,7
1,Money Basics,1,What is the Black-Litterman model and how does it improve upon mean-variance optimization?,"It combines market equilibrium returns with investor views using Bayesian updating, producing more stable and diversified portfolios than mean-variance which is highly sensitive to return estimates",It replaces standard deviation with downside deviation in the mean-variance framework for better risk modeling,It adds factor exposures to the Markowitz model to create risk parity portfolios,It uses Monte Carlo simulation instead of historical returns to estimate the efficient frontier,A,"Markowitz MVO produces extreme, concentrated portfolios from small changes in return inputs. Black-Litterman starts from market-implied equilibrium weights and lets managers tilt toward their views with a confidence weighting, producing more sensible allocations.",reinforcement,7
1,Money Basics,1,What is the net worth formula and why is it an important financial metric?,Net Worth = Total Assets − Total Liabilities; it measures your overall financial health snapshot,Net Worth = Annual Income − Annual Expenses; it tracks monthly cash flow,Net Worth = Savings + Investments; it excludes all debts,Net Worth = Gross Income − Taxes; it shows take-home pay,A,Net worth captures the full financial picture: what you own minus what you owe. Tracking it over time shows whether you're building wealth or accumulating debt faster than assets.,reinforcement,8
1,Money Basics,1,"What is a FICO score, what range is it scored on, and which factor carries the most weight?",A credit score from 300–850; payment history (35%) carries the most weight,A wealth score from 1–100; income level (40%) carries the most weight,A credit score from 500–900; credit utilization (50%) carries the most weight,A debt score from 0–1000; length of credit history (45%) carries the most weight,A,"FICO weights: payment history 35%, amounts owed 30%, length of history 15%, new credit 10%, credit mix 10%. A 760+ score typically qualifies for the best interest rates.",reinforcement,8
1,Money Basics,1,What is a Monte Carlo simulation used for in retirement financial planning?,Running thousands of random market scenarios to estimate the probability that a retirement portfolio will last a given number of years,Calculating the exact future value of a portfolio using expected average returns,Determining the guaranteed safe withdrawal rate for any portfolio,Modeling the best single investment strategy based on historical data,A,"Rather than assuming a fixed return, Monte Carlo introduces randomness reflecting real market volatility. A planner might say '87% probability the portfolio lasts 30 years' based on thousands of simulated paths.",reinforcement,8
1,Money Basics,1,What is the net investment income tax (NIIT) and how does it interact with capital gains rates?,"A 3.8% surtax on net investment income (interest, dividends, capital gains) for taxpayers above $200K single / $250K married, stacked on top of regular capital gains rates",A 3.8% flat tax replacing regular capital gains rates for all investors,A surtax only on short-term capital gains for high earners above $500K,A 3.8% tax credit that offsets ordinary income tax for investment losses,A,"NIIT was introduced by the ACA (2013). For high earners, long-term capital gains can face 20% + 3.8% NIIT = 23.8% total rate. It applies to the lesser of net investment income or MAGI above the threshold.",reinforcement,8
1,Money Basics,1,What is the volatility smile/skew in options markets and what does it reveal about market expectations?,"Implied volatility varies across strike prices, forming a skew; this reveals that markets price downside risk (low strikes) at higher IV than upside — reflecting fear of crashes",The volatility smile shows that at-the-money options always have the lowest implied volatility regardless of market conditions,"Volatility skew only exists in commodity options, not equity or index options",The smile pattern indicates options markets consistently underestimate actual future volatility,A,"Post-1987 crash, equity markets show persistent negative skew (higher IV for low strikes). This violates Black-Scholes's constant-volatility assumption and is captured by models like SABR or Heston that allow stochastic volatility.",reinforcement,8
2,Investing & Wealth,1,What is the difference between systematic (market) risk and unsystematic (idiosyncratic) risk?,Systematic risk affects the whole market and cannot be diversified away; unsystematic risk is company-specific and can be reduced through diversification,Systematic risk only affects large-cap stocks; unsystematic risk affects small-cap stocks,Both types of risk can be eliminated through sufficient diversification,Unsystematic risk affects bond markets; systematic risk affects equity markets,A,"Recessions, rate changes, and wars are systematic risks you can't escape by owning 500 stocks. A company-specific scandal is unsystematic — owning many companies neutralizes it in a portfolio.",core,1
2,Investing & Wealth,1,What is the Capital Asset Pricing Model (CAPM) formula and what does each component represent?,"E(R) = Rf + β(Rm − Rf); Rf is risk-free rate, β is beta, (Rm−Rf) is market risk premium representing compensation for systematic risk","E(R) = Alpha + Beta × Market Return; Alpha is manager skill, Beta is market correlation",E(R) = Dividend Yield + Capital Gains Rate; both adjusted for inflation and beta,E(R) = Rf × β + Rm; representing compounded risk-free return adjusted by market exposure,A,CAPM prices systematic risk: a stock with beta 1.5 should earn 1.5× the market risk premium above the risk-free rate. It's the foundation of modern portfolio pricing despite its simplifying assumptions.,core,1
2,Investing & Wealth,1,What is the Fama-French three-factor model and what anomalies does it explain beyond CAPM?,"It adds size (SMB) and value (HML) factors to CAPM's market risk, explaining why small-cap and value stocks historically earn excess returns that CAPM cannot",It adds momentum and quality factors to CAPM to improve return predictions,It replaces beta with three alternative risk measures based on balance sheet data,"It uses GDP growth, inflation, and interest rates as three macro risk factors alongside market return",A,SMB (Small Minus Big) and HML (High Minus Low book-to-market) capture return premiums unexplained by market beta. Whether these represent risk compensation or market inefficiency remains debated.,core,1
2,Investing & Wealth,1,What is the Modigliani-Miller theorem and under what conditions does capital structure become irrelevant?,"In perfect capital markets (no taxes, no bankruptcy costs, no information asymmetry), firm value is independent of capital structure — debt vs. equity financing doesn't matter",Capital structure is irrelevant only for firms with zero debt and purely equity financing,MM theorem states that dividend policy determines firm value regardless of capital structure,Firm value depends entirely on capital structure when markets are efficient,A,"MM (1958) established the baseline: in a frictionless world, how you finance a firm doesn't affect its value. Real-world deviations (taxes favor debt via interest deduction; bankruptcy costs disfavor it) explain optimal capital structure.",core,1
2,Investing & Wealth,1,What is the Heston stochastic volatility model and how does it improve on Black-Scholes?,"Heston allows volatility to follow a mean-reverting stochastic process (CIR), capturing the volatility smile and term structure that Black-Scholes misses with its constant volatility assumption",Heston adds jump processes to Black-Scholes to model sudden price discontinuities,Heston replaces the log-normal return assumption with a Student-t distribution for fat tails,Heston extends Black-Scholes by adding stochastic interest rates alongside fixed volatility,A,"Heston (1993) has a semi-analytical solution (via characteristic functions), making it tractable for calibration. Key parameters: mean-reversion speed (κ), long-run variance (θ), vol-of-vol (σ), and correlation between asset and vol processes (ρ).",core,1
2,Investing & Wealth,1,"What is the P/E ratio, and what does a high P/E suggest about investor expectations?",Price-to-Earnings = share price ÷ EPS; a high P/E suggests investors expect significant future earnings growth,P/E = profit ÷ equity; a high P/E means the company is undervalued,P/E = price ÷ book value; a high P/E signals the company has strong current cash flows,P/E = projected earnings ÷ current price; a high P/E signals low future risk,A,A P/E of 40 vs. the market average of 20 means investors are paying a premium for expected growth. High P/E stocks carry more risk if growth disappoints — their valuations assume a optimistic future.,core,2
2,Investing & Wealth,1,What distinguishes alpha from beta in portfolio performance attribution?,Alpha measures excess return attributable to manager skill above what beta (market exposure) would predict; positive alpha indicates genuine value added,Alpha measures total return; beta measures risk-adjusted return,Alpha applies only to bond managers; beta measures equity portfolio performance,Alpha and beta together equal total portfolio return with no overlap,A,Jensen's alpha = Actual Return − CAPM Expected Return. A manager with 12% return when CAPM predicted 10% has 2% alpha. Persistent positive alpha is rare — most active funds underperform on a risk-adjusted basis after fees.,core,2
2,Investing & Wealth,1,What is the Black-Scholes options pricing model and what are its five key inputs?,"A model pricing European options using: current stock price, strike price, time to expiry, risk-free rate, and implied volatility","A model using P/E, P/B, dividend yield, beta, and earnings growth to price options","A bond pricing model using duration, convexity, yield, credit spread, and maturity","A derivatives pricing model requiring bid-ask spread, trading volume, market cap, and sector beta",A,"Black-Scholes (1973) revolutionized derivatives markets. Its key insight: options can be continuously delta-hedged, making the risk-neutral price independent of actual return expectations. Limitation: assumes constant volatility (contradicted by the vol smile).",core,2
2,Investing & Wealth,1,"What is the difference between IRR and XIRR in investment return calculations, and when does XIRR matter?","IRR assumes equal time periods between cash flows; XIRR handles irregular dates — essential for private equity, real estate, or any investment with uneven cash flow timing",IRR uses compound returns; XIRR uses simple returns for multi-year investments,XIRR adds inflation adjustment to IRR making it a real return metric,Both are identical except XIRR excludes the initial investment in its calculation,A,IRR spaces cash flows at equal intervals. A real estate deal closing on June 15 with distributions on random dates needs XIRR. Using IRR on irregular cash flows produces materially wrong return figures.,core,2
2,Investing & Wealth,1,What is the concept of alpha decay in quantitative strategies and how do capacity constraints arise?,"Alpha decay is the erosion of a factor's excess return over time as more capital exploits it; capacity constraints occur when the strategy's trades move prices, diminishing returns",Alpha decay describes how manager alpha always converges to zero over a 10-year period,Alpha decay is the time-series reduction of option premium due to theta in long-volatility strategies,"Capacity constraints arise only in private equity due to limited deal flow, not public markets",A,"Value and momentum factors have weakened post-publication as AUM targeting them grew. Market impact costs limit how much can be deployed: a $50M small-cap strategy may work; a $5B version will move prices, eroding the very premium being captured.",core,2
2,Investing & Wealth,1,What is an ETF and how does it structurally differ from a mutual fund?,ETFs trade on exchanges throughout the day like stocks; mutual funds price once daily at NAV after market close,ETFs can only hold bonds; mutual funds can hold any asset class,Mutual funds trade intraday; ETFs are only priced at end of day,"ETFs require a minimum investment of $1,000; mutual funds have no minimum",A,"Beyond intraday trading, ETFs typically have lower expense ratios and greater tax efficiency (in-kind creation/redemption avoids triggering capital gains distributions common in mutual funds).",core,3
2,Investing & Wealth,1,"What is short selling, and what makes it fundamentally asymmetric in terms of risk/reward?","Borrowing and selling shares you don't own, hoping to repurchase cheaper; maximum gain is 100% (stock to zero) but losses are theoretically unlimited as prices can rise indefinitely",Selling call options for premium income; maximum loss equals the premium received,Selling stocks you own after holding less than one year; taxed as ordinary income,Borrowing against your portfolio to buy more securities; risk is limited to initial margin,A,"Short sellers of GameStop in 2021 discovered this asymmetry painfully. A 10× price increase means a 1,000% loss on the short position — far beyond the 100% maximum gain if the stock goes to zero.",core,3
2,Investing & Wealth,1,What is the concept of risk parity and how does it differ from traditional 60/40 portfolio construction?,"Risk parity allocates capital so each asset contributes equally to total portfolio risk; traditional 60/40 allocates by capital weight, where equities dominate risk despite being 60% of capital",Risk parity always holds equal dollar amounts in each asset class regardless of volatility,Risk parity is a 50/50 stock-bond allocation that rebalances whenever markets move more than 5%,"Risk parity uses leverage to boost bond returns to match equity returns, requiring no equity holdings",A,"In a 60/40 portfolio, equities (much more volatile than bonds) drive 90%+ of total portfolio risk. Risk parity (popularized by Bridgewater's All Weather) levers up bonds to equalize risk contributions — often resulting in lower volatility portfolios.",core,3
2,Investing & Wealth,1,What is a credit default swap (CDS) and how was its misuse related to the 2008 financial crisis?,"A CDS is insurance-like protection on bond default; in 2008, CDS were sold massively on mortgage-backed securities without adequate capital reserves, creating systemic counterparty risk",A CDS is a government-backed bond that defaults only if the Treasury is downgraded,A CDS swaps fixed bond coupon payments for floating rate payments linked to the issuer's credit rating,CDS are currency derivatives protecting against sovereign debt devaluation in emerging markets,A,"AIG sold hundreds of billions in CDS on mortgage CDOs without capital to back them. When MBS defaults spiked, AIG couldn't pay — requiring a $182B government bailout. CDS had transformed risk but concentrated it catastrophically.",core,3
2,Investing & Wealth,1,What is a variance swap and how does it differ from a volatility swap in terms of payoff structure?,"Variance swaps pay the difference between realized variance and strike variance; volatility swaps pay realized vol minus vol strike — variance payoff is convex (benefits more from large moves), creating a vega/convexity spread",Variance swaps hedge equity risk; volatility swaps hedge interest rate risk in bond portfolios,Both have identical payoff structures but variance swaps settle quarterly while vol swaps settle annually,Variance swaps use squared returns in payoff; volatility swaps are strictly OTC instruments unavailable to retail investors,A,"Variance = Vol². This convexity means variance swaps benefit disproportionately from large spikes (e.g., VIX jumping from 15 to 45 creates 9× the variance). The fair variance strike > fair vol strike by approximately ½ × variance of variance.",core,3
2,Investing & Wealth,1,What is beta and how is it used to assess a stock's risk relative to the market?,"Beta measures a stock's price sensitivity to market movements; beta >1 means more volatile than the market, <1 means less volatile",Beta measures absolute price volatility regardless of market conditions,A beta of 2 means the stock always doubles the market's return,Beta only applies to bonds; stocks are measured by duration,A,"If the market drops 10% and a stock with beta 1.5 drops 15%, beta predicted that correctly. Beta captures systematic risk — the CAPM uses it to price expected returns.",core,4
2,Investing & Wealth,1,What is the Efficient Frontier and what does it represent in Modern Portfolio Theory?,"The set of portfolios offering the maximum expected return for each level of risk, or minimum risk for each return — the optimal trade-off curve in risk-return space",The boundary between profitable and unprofitable investment strategies over a 10-year period,The maximum return achievable from any diversified portfolio of 500+ securities,The line showing minimum required returns for each tax bracket,A,Markowitz (1952) showed that combining assets with imperfect correlation reduces portfolio volatility below individual asset volatilities. The Efficient Frontier maps every optimal combination — the Capital Market Line extends it with the risk-free asset.,core,4
2,Investing & Wealth,1,What are smart beta strategies and how do they differ from both passive indexing and active management?,"Smart beta uses rules-based alternative index weighting (by value, momentum, quality, etc.) aiming to capture factor premiums at lower cost than active management",Smart beta is a fully discretionary stock-picking approach guided by quantitative screens,Smart beta is another name for market-cap-weighted passive indexing with lower fees,Smart beta replicates hedge fund strategies in a mutual fund structure with daily liquidity,A,"Smart beta sits between passive (pure market-cap) and active (discretionary stock picking). It systematically tilts toward factor premiums identified in academic research — transparent, rules-based, and lower cost than active funds.",core,4
2,Investing & Wealth,1,"What is the difference between WACC and cost of equity, and how is each used in valuation?",WACC is the blended after-tax cost of all capital (debt + equity); cost of equity (via CAPM) is the return equity holders require — WACC is the discount rate for firm-level DCF; cost of equity for equity-only valuation,WACC applies only to leveraged buyouts; cost of equity applies to publicly traded companies,Cost of equity includes dividends; WACC excludes dividends and uses only interest payments,WACC is always lower than cost of equity due to the equity risk premium in all market conditions,A,"WACC = (E/V)×Ke + (D/V)×Kd×(1−tax). Interest is tax-deductible, making debt cheaper after-tax. Discount free cash flows to firm (FCFF) at WACC; discount free cash flows to equity (FCFE) at cost of equity.",core,4
2,Investing & Wealth,1,What is the Grossman-Stiglitz paradox and what does it imply for the EMH?,"If markets were perfectly efficient, there would be no return to gathering information — so investors would stop, prices would cease to reflect information, creating a contradiction; equilibrium requires some inefficiency",The paradox states that all market participants are rational yet markets are irrational at the aggregate,It proves that technical analysis is consistently profitable in semi-strong form efficient markets,The paradox shows that transaction costs alone fully explain all deviations from market efficiency,A,Grossman & Stiglitz (1980) showed that information efficiency requires a slight inefficiency as compensation. Markets exist in an 'equilibrium of partial efficiency' where informed traders earn just enough to justify their information costs.,core,4
2,Investing & Wealth,1,What is portfolio rebalancing and why is it important for maintaining your risk profile?,"Rebalancing restores your target asset allocation after market drift, preventing unintended risk level changes",Rebalancing means selling all assets and reinvesting in the best-performing sector,"Rebalancing only refers to adjusting bonds in a portfolio, not equities",Rebalancing is only necessary during bear markets to reduce losses,A,"If stocks surge and grow from 60% to 75% of your portfolio, you're now taking more risk than intended. Rebalancing sells equities and buys bonds to return to 60/40, enforcing 'sell high, buy low' discipline.",core,5
2,Investing & Wealth,1,What is the difference between duration and convexity for a bond portfolio?,"Duration measures linear price sensitivity to rate changes; convexity measures the curvature (non-linearity), improving duration's accuracy for large rate moves",Duration measures credit risk; convexity measures interest rate risk,Duration applies to corporate bonds; convexity only applies to government bonds,Both measure the same interest rate risk but over different time horizons,A,Approximate price change = −Duration × Δy + ½ × Convexity × (Δy)². Positive convexity means a bond gains more when rates fall than it loses when rates rise — a desirable characteristic.,core,5
2,Investing & Wealth,1,"What is the yield curve and what does each shape (normal, flat, inverted) signal about the economy?",A plot of bond yields across maturities; normal (upward sloping) = growth expected; flat = slowdown; inverted (short > long) = recession historically likely,A curve showing stock dividend yields by sector; inverted means bonds outperform stocks,A chart of central bank rate decisions over time; flattening signals rate stability,A plot of credit spreads by maturity; normal means corporate bonds are fairly priced,A,"The 2-year/10-year inversion has preceded every US recession since 1955. When short-term rates exceed long-term rates, markets expect future rate cuts due to economic weakness — the Fed is 'behind the curve.'",core,5
2,Investing & Wealth,1,What is the Kelly Criterion and how is it used for optimal position sizing?,"Kelly fraction = (bp − q) / b, where b = odds, p = win probability, q = loss probability; it maximizes long-run geometric growth rate but can require extreme position sizes",Kelly Criterion determines the optimal rebalancing frequency for a diversified portfolio,Kelly Criterion is a tax optimization formula for harvesting losses in taxable accounts,"Kelly fraction equals the expected return divided by standard deviation, recommending leverage accordingly",A,Full Kelly maximizes expected log(wealth) but recommends very concentrated bets. Most practitioners use 'half Kelly' or 'quarter Kelly' to reduce volatility while capturing most of the long-run growth advantage.,core,5
2,Investing & Wealth,1,What is the risk-neutral pricing framework and how does it underpin derivatives valuation?,"Under risk-neutral measure Q, all assets grow at the risk-free rate and derivatives are priced as expected discounted payoffs — enabling consistent arbitrage-free pricing without estimating real-world drift","Risk-neutral pricing assumes all investors are indifferent to risk, making it only applicable to government bonds","The risk-neutral measure adjusts expected returns by each asset's beta, connecting CAPM to derivatives pricing",Risk-neutral pricing applies only to European options; American options require real-world probability measures,A,"The key insight (Harrison & Kreps, 1979): if no arbitrage exists, a risk-neutral measure Q exists under which discounted asset prices are martingales. You don't need to know the real drift (μ) to price derivatives — only volatility and the risk-free rate.",core,5
2,Investing & Wealth,1,What is the difference between value investing and growth investing?,Value investing seeks underpriced stocks relative to fundamentals; growth investing seeks companies with above-average future earnings potential,Value investing focuses on short-term price momentum; growth investing focuses on dividends,Value investing only applies to large-cap stocks; growth investing only applies to technology stocks,Value investing requires buying at 52-week lows; growth investing requires buying at 52-week highs,A,"Buffett-style value investors look for P/E below intrinsic worth with a 'margin of safety.' Growth investors (e.g., ARKK-style) accept premium valuations expecting future earnings to justify the price.",reinforcement,6
2,Investing & Wealth,1,What is a leveraged buyout (LBO) and what makes the return profile attractive to private equity?,Acquiring a company using mostly debt (often 60–80% of purchase price) with returns amplified because PE invested limited equity but controls the full asset,"Buying a company by issuing new stock to the target's shareholders, avoiding cash outlay","Acquiring a company through a hostile tender offer above market price, financed by the acquirer's balance sheet",A buyout where employees purchase the company from founders using pension fund assets,A,"If a PE firm buys a company for $500M with $100M equity / $400M debt, a 20% value increase to $600M doubles the equity to $200M — a 100% return on equity. Leverage amplifies gains (and losses).",reinforcement,6
2,Investing & Wealth,1,What is a convertible bond and how does it create a hybrid risk-return profile?,"A bond convertible into stock at a preset ratio; downside is limited by bond floor (par + coupons), upside participates in equity gains if the stock price exceeds the conversion price",A bond with a variable coupon rate that converts to a fixed rate after 5 years,A corporate bond that automatically converts to a government bond in case of default,A preferred stock that converts to common stock after the IPO lock-up period expires,A,Convertibles offer 'bond floor + equity call option.' Companies use them for cheaper financing (lower coupon vs. straight debt). Investors accept lower yield in exchange for equity upside — ideal for risk-constrained equity exposure.,reinforcement,6
2,Investing & Wealth,1,"What is the difference between accounting profit and economic profit, and why does economic profit matter for investment decisions?",Accounting profit subtracts explicit costs; economic profit also subtracts opportunity cost of capital — a firm can be profitable yet destroy economic value if returns fall below cost of capital,Accounting profit uses GAAP; economic profit uses IFRS — they differ only in depreciation methods,Economic profit equals accounting profit adjusted for inflation; both are useful for comparing firms,A firm with positive accounting profit always creates economic value for shareholders,A,Economic Value Added (EVA) = NOPAT − (WACC × Invested Capital). A firm earning 8% ROIC with 12% WACC destroys value despite positive accounting profits — a key insight for capital allocation decisions.,reinforcement,6
2,Investing & Wealth,1,What is the two-fund separation theorem and what does it imply for investor portfolio construction?,"All investors hold a combination of the risk-free asset and the same risky tangency portfolio — individual risk preferences only determine the split, not which risky assets to hold",All investors should split equally between domestic and international equities regardless of risk tolerance,The theorem states that two uncorrelated assets are sufficient to build any efficient portfolio,All rational investors hold 60% equities and 40% bonds as the universal optimal allocation,A,Tobin's two-fund separation (1958) has a powerful implication: the composition of the optimal risky portfolio is identical for all investors. This supports index funds — the market portfolio is the tangency portfolio under CAPM assumptions.,reinforcement,6
2,Investing & Wealth,1,What is dollar-cost averaging and how does it benefit long-term investors behaviorally and mathematically?,"Investing a fixed dollar amount at regular intervals regardless of price, reducing average cost per share over time and removing market timing temptation",Investing a fixed number of shares monthly regardless of price to maximize share count,Automatically rebalancing your portfolio monthly to maintain target allocation,Diversifying across multiple asset classes equally to minimize volatility,A,DCA means you buy more shares when prices are low and fewer when high. It removes the impossible task of timing markets and protects against investing a lump sum at a market peak.,reinforcement,7
2,Investing & Wealth,1,What is value at risk (VaR) and what are its primary limitations as a risk measure?,VaR estimates maximum loss over a period at a confidence level; limitations include not measuring tail losses beyond the threshold and assuming normal distributions,VaR guarantees the portfolio will not lose more than the stated amount under any scenario,"VaR measures average losses across all market conditions, making it ideal for stress testing",VaR only applies to single-asset portfolios; multi-asset VaR requires different methodology,A,'95% VaR = $1M' means you expect to lose ≤$1M on 95% of days. The critical flaw: VaR tells you nothing about the severity of losses on the other 5% of days — precisely when it matters most. CVaR/Expected Shortfall addresses this.,reinforcement,7
2,Investing & Wealth,1,"What is the difference between intrinsic value and market price, and how does the margin of safety concept use this gap?",Intrinsic value is the fundamental discounted cash flow value; margin of safety = buying only when market price is significantly below intrinsic value to protect against estimation error,Intrinsic value equals the book value on the balance sheet; margin of safety is the gap between book and liquidation value,Intrinsic value is the 52-week high price; margin of safety requires buying at least 10% below the high,Intrinsic value is only calculable for profitable companies; unprofitable firms have zero intrinsic value,A,"Graham's margin of safety: if you estimate a stock is worth $100 but buy only at $70, you have a 30% cushion against valuation mistakes. Buffett calls it 'the three most important words in investing.'",reinforcement,7
2,Investing & Wealth,1,What is gamma in options trading and how does it affect delta hedging strategies?,"Gamma is the rate of change of delta with respect to the underlying price; high gamma means delta changes rapidly, requiring frequent rehedging — most acute near expiry for at-the-money options","Gamma measures the time decay of an options premium, equivalent to theta for short-dated options",Gamma is the sensitivity of options price to changes in implied volatility,"Gamma measures the ratio of put to call volume, indicating market sentiment direction",A,"A market maker delta-hedging a long gamma position profits from realized volatility exceeding implied volatility. Short gamma (e.g., options sellers) collect premium but face accelerating losses if the underlying moves sharply.",reinforcement,7
2,Investing & Wealth,1,What is the difference between physical and risk-neutral measure in stochastic processes for asset pricing?,Physical measure P describes actual observed dynamics with real drift; risk-neutral measure Q adjusts drift to the risk-free rate for arbitrage-free pricing — connected by the Girsanov theorem via market price of risk,Physical measure uses historical data; risk-neutral measure uses forward-looking analyst forecasts,Both measures are equivalent for pricing purposes; the distinction only matters for simulation,Physical measure applies to spot markets; risk-neutral applies only to futures and forward contracts,A,Under P: dS = μS dt + σS dW. Under Q: dS = rS dt + σS dW̃. Girsanov's theorem provides the Radon-Nikodym derivative connecting them via the market price of risk λ = (μ−r)/σ. Risk management uses P; derivatives pricing uses Q.,reinforcement,7
2,Investing & Wealth,1,What is a REIT and what distribution requirement gives it special tax status?,A company owning income-producing real estate that must distribute at least 90% of taxable income as dividends to qualify for pass-through tax treatment,A mutual fund exclusively investing in real estate stocks with no distribution requirements,A government-backed mortgage lending institution distributing 50% of profits,A real estate limited partnership that distributes 100% of rental income to partners,A,REITs avoid corporate-level taxation by distributing 90%+ of income. Investors receive high dividend yields but pay ordinary income tax on most REIT dividends (unlike qualified stock dividends taxed at capital gains rates).,reinforcement,8
2,Investing & Wealth,1,What is the Gordon Growth Model and what are its key assumptions and limitations?,Stock Value = D1 / (r − g); assumes constant dividend growth forever and r > g; breaks down for high-growth or non-dividend-paying companies,Stock Value = EPS × P/E ratio; assumes stable earnings multiples over time,Stock Value = Book Value × Price-to-Book; assumes assets are correctly valued on the balance sheet,Stock Value = Free Cash Flow / WACC; assumes constant free cash flow margins indefinitely,A,"The GGM works well for mature, stable dividend payers (utilities, consumer staples). It fails for high-growth firms (g approaches r, value → infinity) or firms reinvesting all earnings without paying dividends.",reinforcement,8
2,Investing & Wealth,1,What is volatility clustering and which financial models are designed to capture it?,Large returns (of either sign) cluster together in time; ARCH and GARCH models capture this by making volatility depend on past squared returns,High-volatility assets always cluster in specific sectors like technology and biotech,Volatility clustering refers to options implied volatility being higher than realized volatility,Clustering describes how momentum stocks tend to outperform during volatile market periods,A,Calm periods are followed by calm periods; turbulent periods by turbulence. Engle's ARCH (1982) and Bollerslev's GARCH (1986) model this by estimating conditional variance as a function of past residuals and variances.,reinforcement,8
2,Investing & Wealth,1,"What is the difference between momentum and mean reversion as investment strategies, and over what time horizons does each tend to work?","Momentum (buying winners, selling losers) tends to work over 1–12 months; mean reversion (buying losers expecting rebound) tends to work over very short (intraday) and very long (3–5 year) horizons",Momentum works over 3–5 years; mean reversion works over 1–12 months,Both strategies work equally well at all time horizons in efficient markets,Momentum only works in bull markets; mean reversion only works during bear markets,A,Jegadeesh & Titman (1993) documented 12-month momentum premium. DeBondt & Thaler (1985) showed 3–5 year reversal. These seemingly contradictory results coexist because different psychological biases operate at different horizons.,reinforcement,8
2,Investing & Wealth,1,What is the carry trade in foreign exchange and what risks make it periodically catastrophic?,Borrowing in low-interest-rate currencies to invest in high-interest-rate currencies; risks include sudden exchange rate reversals ('carry crash') amplified by crowded positions and leverage,Carrying physical currency across borders for tax arbitrage in offshore accounts,Holding long-dated bonds to earn the yield curve's term premium with no currency exposure,Borrowing in high-yield currencies to buy low-yield bonds for total return maximization,A,"The carry trade earns the interest differential but is exposed to exchange rate risk. Empirically, it 'goes up the stairs and comes down the elevator' — steady gains punctuated by sudden, severe unwinds when risk sentiment reverses.",reinforcement,8
3,"Debt, Taxes & Planning",1,What is the difference between the debt avalanche and debt snowball repayment methods?,Avalanche pays highest-interest debt first (minimizes total interest); snowball pays smallest balance first (maximizes psychological momentum),Avalanche consolidates all debts; snowball makes only minimum payments on all debts,Avalanche applies only to student loans; snowball only to credit card debt,Both methods are mathematically identical and produce the same total interest paid,A,Avalanche is mathematically optimal — saving hundreds or thousands in interest. Snowball is behaviorally optimal for those who need quick wins to stay motivated. Behavioral economists often favor snowball for its completion psychology.,core,1
3,"Debt, Taxes & Planning",1,What is the wash-sale rule and what are its key provisions for tax-loss harvesting strategies?,Disallows a tax loss if you buy a 'substantially identical' security within 30 days before or after the sale; the disallowed loss is added to the basis of the new position,Prohibits selling any security at a loss more than twice per year in the same account,Requires repurchasing the same security within 30 days after a loss sale to preserve tax benefits,"Applies only to mutual fund sales, not individual stock transactions",A,The 61-day window (30 before + day of sale + 30 after) is the trap. The disallowed loss doesn't disappear — it's deferred by adding to the cost basis of the replacement security. Cross-account wash sales (including IRAs) also trigger the rule.,core,1
3,"Debt, Taxes & Planning",1,What is a Grantor Retained Annuity Trust (GRAT) and how does the 'zeroed-out' strategy work?,"A trust where the grantor retains annuity payments; a zeroed-out GRAT sets the annuity to return the exact present value at the §7520 hurdle rate, so any appreciation above the rate passes to heirs gift-tax free","A trust that distributes all assets to charity, eliminating estate taxes entirely for the grantor",A trust converting capital gains to ordinary income through annuity payments for tax reduction,A trust requiring equal distributions to all beneficiaries while the grantor retains principal control,A,"If a stock grows at 20% vs. a 5% hurdle rate, the excess 15% annual appreciation passes to remaindermen with no gift tax. Walton GRATs (2-year terms) are common because they allow repeated 'rolling' attempts — a failed GRAT simply returns assets to the grantor.",core,1
3,"Debt, Taxes & Planning",1,What is a split-dollar life insurance arrangement and how is it used in executive compensation?,"An arrangement splitting premium costs and policy benefits between employer and employee; the employer funds most premiums and recovers its outlay at death/termination, with the employee receiving the remaining death benefit",A policy splitting death benefits equally between two named beneficiaries,A corporate-owned life insurance (COLI) policy with no economic benefit to the employee,A reinsurance arrangement splitting risk between an insurer and a multinational employer,A,"Endorsement method: employer owns the policy and endorses a benefit to the employee. Collateral assignment method: employee owns the policy, assigns collateral interest to the employer. Post-2003 IRS regulations require economic benefit or loan regime taxation.",core,1
3,"Debt, Taxes & Planning",1,What is the economic substance doctrine and how does the IRS use it to challenge aggressive tax planning?,The doctrine requires transactions to have both objective economic substance (change in economic position) and subjective business purpose beyond tax benefits; transactions failing either prong can be disregarded by the IRS,Economic substance requires all business transactions to be documented with written agreements,The doctrine only applies to transactions involving offshore entities in tax haven jurisdictions,Economic substance is a safe harbor that protects any transaction with a business purpose from IRS scrutiny,A,"Codified in IRC §7701(o) by the ACA (2010), economic substance denials carry a 20–40% strict-liability penalty with no reasonable cause exception. Transactions like certain sale-leasebacks, straddles, or shelter arrangements have been challenged and disallowed.",core,1
3,"Debt, Taxes & Planning",1,What is amortization and how does the payment structure of a fixed mortgage change over time?,"Amortization is gradual debt repayment through scheduled payments; early payments are mostly interest, while later payments are mostly principal",Amortization is a method of depreciating business assets for tax purposes,"In a fixed mortgage, each payment applies equal amounts to principal and interest throughout the term","Amortization only applies to adjustable-rate mortgages, not fixed-rate ones",A,"In year 1 of a 30-year mortgage, ~80% of each payment is interest. By year 25, ~80% is principal. This is why extra early payments dramatically reduce total interest and payoff time.",core,2
3,"Debt, Taxes & Planning",1,What is the alternative minimum tax (AMT) and which common deductions does it specifically disallow?,"AMT is a parallel tax system with its own rates and exemptions that disallows deductions like state/local taxes, standard deduction, and certain ISO stock option spreads",AMT is a surtax only applying to capital gains and qualified dividends above $500K,"AMT replaces the regular tax for all taxpayers earning above $200K, applying a flat 28% rate",AMT disallows the mortgage interest deduction and charitable contribution deductions only,A,"AMT income (AMTI) adds back SALT deductions (the biggest trigger), standard deduction, and the spread on ISOs. AMT rates are 26%/28%. You pay the higher of regular or AMT liability — a key planning consideration for high earners in high-tax states.",core,2
3,"Debt, Taxes & Planning",1,What is the qualified business income (QBI) deduction under Section 199A and what income limits restrict it?,Up to 20% deduction on qualified business income for pass-through entities; phases out for specified service businesses (SSTB) between $182K–$232K (single) / $364K–$464K (married) in 2024,A 20% deduction available to all businesses regardless of structure or income level,"A deduction equal to 20% of W-2 wages paid by the business, available only to C-corporations","A deduction capped at $10,000 for self-employed individuals regardless of business income",A,"SSTBs (law, medicine, consulting, financial services) lose the deduction above the income phase-out. Non-SSTBs face W-2 wage and capital limitations above those thresholds instead. This makes QBI planning complex for high-income professionals.",core,2
3,"Debt, Taxes & Planning",1,What is a qualified opportunity fund (QOF) and how do the three tiers of tax benefits work over a 10-year hold?,"A QOF invests in opportunity zones; tier 1 defers original gains until 2026, tier 2 provides partial step-up at 5 years, tier 3 eliminates QOF appreciation entirely if held 10+ years",A QOF provides immediate capital gains exclusion upon investment with no holding period requirement,"Tier benefits are: 1) tax credit, 2) interest deduction, 3) state tax exemption for 10-year holds",QOF benefits require congressional renewal and are not guaranteed beyond the initial investment year,A,"The three-tier structure creates a 'Goldilocks' incentive. The 10-year benefit is most powerful: a $1M gain invested in a QOF that grows to $3M means only the original $1M is eventually taxed (in 2026), and the $2M appreciation is permanently excluded.",core,2
3,"Debt, Taxes & Planning",1,What is a SPAC (Special Purpose Acquisition Company) and how do the tax and structural mechanics work for sponsors vs. public investors?,"A blank check company raising capital through IPO to acquire a private company; sponsors receive 20% 'founder shares' for minimal capital as compensation, while public investors hold warrants and trust-protected units",A SPAC is a mutual fund structure that acquires private equity positions using public market capital,Sponsors and public investors receive identical economics; SPACs differ only in acquisition timeline,A SPAC is a reverse merger structure where the private company's shareholders receive no consideration,A,SPAC mechanics: IPO raises capital at $10/unit (share + warrant). Capital held in trust. Sponsor's 20% promote is essentially free equity — highly dilutive. Public investors can redeem at trust value if they dislike the deal. Tax: SPAC formation is tax-free; the de-SPAC merger can be taxable depending on structure.,core,2
3,"Debt, Taxes & Planning",1,What is a debt-to-income (DTI) ratio and why is 43% a critical threshold for mortgage qualification?,DTI = monthly debt payments ÷ gross monthly income; 43% is the maximum for most qualified mortgage standards and lenders,DTI = total assets ÷ total liabilities; 43% means you're financially healthy,DTI = annual debt ÷ net income; lenders prefer above 43% to show you have significant credit experience,DTI = credit card balance ÷ credit limit; 43% utilization is the ideal target,A,Consumer Financial Protection Bureau (CFPB) qualified mortgage rules cap DTI at 43%. Below 36% is considered healthy. High DTI signals overextension — lenders fear you can't absorb financial shocks while maintaining payments.,core,3
3,"Debt, Taxes & Planning",1,What is the gift tax annual exclusion and how do married couples use gift splitting to double it?,"Each person can give $18,000/year (2024) per recipient tax-free; gift splitting allows married couples to jointly give $36,000 per recipient by electing on a tax return",Married couples can give unlimited amounts tax-free using their combined lifetime exemption,"The annual exclusion is $18,000 total across all recipients, not per recipient",Gift splitting requires both spouses to file separate tax returns to claim the combined exclusion,A,"Gift splitting requires filing Form 709 even if no gift tax is owed. Strategic use over time can transfer significant wealth (e.g., $36K annually to each of three children = $108K/year) without using any lifetime exemption.",core,3
3,"Debt, Taxes & Planning",1,What is a dynasty trust and how does it exploit the generation-skipping transfer (GST) tax exemption?,A perpetual (or multi-generational) trust sheltering assets from estate tax at each generation by using the GST exemption ($13.61M in 2024) to transfer wealth directly to grandchildren and beyond,"A trust that automatically terminates upon the death of each generation, re-transferring assets",A trust providing equal distributions to all living relatives regardless of generation,A charitable trust that exempts assets from all transfer taxes for 100 years,A,"Without a dynasty trust, each generational transfer faces estate tax (up to 40%). A properly structured dynasty trust can allow $13.61M to compound for 100+ years tax-free at the transfer level — potentially worth hundreds of millions to future generations.",core,3
3,"Debt, Taxes & Planning",1,What is the tax treatment of phantom income in partnership investments and how does it affect cash flow planning?,Phantom income is taxable income allocated to partners without corresponding cash distributions — partners owe tax on their share of partnership income even if the partnership retains cash,Phantom income is non-taxable imputed income from employer benefits like health insurance,"Phantom income refers to unrealized capital gains in a partnership, taxed only upon exit",Phantom income is income allocated to limited partners only during liquidation events,A,A real estate partnership might show $100K taxable income (after depreciation is exhausted) while distributing nothing — leaving partners with a cash tax bill on paper income. Planning requires modeling K-1 income vs. actual distributions carefully.,core,3
3,"Debt, Taxes & Planning",1,"What is the distinction between tax avoidance, tax evasion, and tax mitigation, and where does aggressive planning fall?",Evasion is illegal concealment; avoidance is legal use of rules to reduce tax; mitigation involves structuring transactions within legislative intent; aggressive planning exploits loopholes and may be challenged under anti-avoidance doctrines,Tax avoidance and tax evasion are legally equivalent; only the amount determines whether criminal charges apply,Tax mitigation refers to filing extensions; avoidance applies to offshore structures only,All tax reduction strategies constitute evasion unless pre-approved by the IRS through a private ruling,A,"The line between avoidance (legal) and aggressive planning (potentially challengeable) is often litigated. Doctrines like economic substance, business purpose, step-transaction, and substance-over-form give the IRS tools to recharacterize transactions that technically comply with the letter but not spirit of the law.",core,3
3,"Debt, Taxes & Planning",1,What is a HELOC and what are the key risks compared to a traditional second mortgage?,A HELOC is a revolving line of credit secured by home equity with variable rates; risks include rate hikes increasing payments and using the home as collateral for potentially discretionary spending,A HELOC is a fixed-rate second mortgage disbursed as a lump sum with predictable payments,A HELOC provides unsecured credit up to 80% of home value without affecting the primary mortgage,A HELOC has no variable rate risk because the draw period locks the initial rate permanently,A,HELOCs have a draw period (interest only) and repayment period (principal + interest). Rising rates can cause payment shock in the repayment phase. Borrowing against home equity for consumption creates the risk of losing your home over lifestyle spending.,core,4
3,"Debt, Taxes & Planning",1,What is a 1031 exchange and what are the specific identification and closing deadlines?,Tax-deferred reinvestment of real estate sale proceeds into like-kind property; must identify replacement within 45 days and close within 180 days of the original sale,A tax-free exchange of any investment asset; 30 days to identify and 120 days to close,A stock exchange provision allowing deferred capital gains when switching between mutual fund families,A tax deferral for primary residence sales requiring a 2-year reinvestment window,A,1031 applies only to real estate held for investment or business use (not primary residences). The qualified intermediary holds proceeds between transactions. Missing either deadline triggers full capital gains recognition in the year of sale.,core,4
3,"Debt, Taxes & Planning",1,What is a charitable remainder trust (CRT) and what are the four simultaneous benefits it can provide?,"A CRT provides income to the donor (or beneficiaries), avoids immediate capital gains tax on appreciated assets, generates a partial charitable deduction, and ultimately benefits the chosen charity",A CRT provides full income tax exemption in exchange for donating 100% of assets to charity,"A CRT converts capital gains income to ordinary income, increasing the charitable deduction size","A CRT is only available to nonprofits and foundations, not individual donors",A,"Example: Donate $1M of low-basis stock to a CRT. No immediate capital gains. Receive $60K/year income stream. Claim ~$300K charitable deduction (present value). Charity receives remaining assets at termination. Four wins: income, gain deferral, deduction, charitable intent.",core,4
3,"Debt, Taxes & Planning",1,What is the tax treatment of incentive stock options (ISOs) vs. non-qualified stock options (NSOs)?,ISO exercise triggers AMT (not regular income tax); NSO exercise creates ordinary income equal to spread; both are taxed at capital gains rates upon eventual sale if holding periods are met,Both ISO and NSO are taxed identically as ordinary income at exercise and capital gains at sale,ISOs are always tax-free; NSOs are always taxed at the highest marginal rate at exercise,NSOs trigger AMT; ISOs are treated as ordinary income at exercise — the reverse of actual tax treatment,A,ISO holding period: 2 years from grant + 1 year from exercise → favorable capital gains treatment on full gain. Exercising large ISO spreads in a single year can create devastating AMT liability — a common trap for startup employees at IPO.,core,4
3,"Debt, Taxes & Planning",1,What is the BEAT (Base Erosion and Anti-Abuse Tax) and how does it target multinational profit shifting?,BEAT imposes a minimum 10% tax on modified taxable income (adding back deductible payments to foreign affiliates) to prevent multinationals from reducing US income through related-party payments,BEAT is a 15% surtax on all foreign income earned by US multinationals regardless of transfer pricing,BEAT limits the deductibility of interest payments to foreign parent companies only,BEAT only applies to financial institutions and does not affect manufacturing multinationals,A,"BEAT (enacted by TCJA 2017) addresses base erosion: multinationals paying royalties, management fees, or interest to foreign affiliates can reduce US taxable income substantially. BEAT adds these back and applies a 10% minimum rate — reducing the benefit of profit-shifting structures.",core,4
3,"Debt, Taxes & Planning",1,What is student loan capitalization and how does it affect total repayment cost?,"Capitalization adds unpaid interest to the principal balance, meaning future interest accrues on a larger base — dramatically increasing total cost over the loan's life",Capitalization is a program that converts private student loans to federal loans for lower rates,Capitalization reduces the monthly payment by extending the loan term without changing total cost,Capitalization occurs when a student loan is refinanced at a lower interest rate,A,"Example: $50K loan, $10K unpaid interest capitalizes → new $60K principal at 7% = $4,200/year interest vs. $3,500/year. Over 20 years this compounds significantly. Paying interest during grace periods prevents capitalization.",core,5
3,"Debt, Taxes & Planning",1,What is the difference between a defined benefit and a defined contribution retirement plan?,"Defined benefit promises a specific retirement payout based on salary/years; defined contribution (e.g., 401k) has defined inputs but the output depends on investment performance","Both plan types guarantee specific payouts, differing only in how contributions are calculated",Defined contribution plans are only available to government employees; defined benefit plans for private sector,Defined benefit plans allow employees to choose investments; defined contribution plans do not,A,"DB plans (pensions) shift investment risk to the employer. DC plans (401k, 403b) shift it to the employee. The trend from DB to DC over 40 years has transferred enormous retirement risk to individuals — making investment literacy essential.",core,5
3,"Debt, Taxes & Planning",1,What is carried interest and why is its tax treatment controversial?,"Carried interest is the GP's share of fund profits (typically 20%), taxed at long-term capital gains rates rather than ordinary income — critics argue it's compensation for services and should be taxed as ordinary income","Carried interest is interest income earned on carry-on loans, taxed at 15% for financial institutions",Carried interest applies only to real estate investors and is taxed identically to rental income,"Carried interest is a management fee paid by LPs, deductible as a business expense for the fund",A,"PE and hedge fund managers receive 20% of profits as carried interest. If the fund holds assets >1 year, this is taxed at 20% + 3.8% NIIT rather than 37% ordinary income. The TCJA 2017 added a 3-year holding requirement for the preferential rate.",core,5
3,"Debt, Taxes & Planning",1,"What is the concept of 'basis' in real estate, how is it calculated, and why does it matter for tax planning?",Basis = purchase price + improvements − depreciation taken; it determines taxable gain (sale price − basis) and affects depreciation recapture (taxed at 25%) and capital gains calculations,Basis equals the current appraised value of the property for annual property tax purposes,Basis is the original purchase price that never changes regardless of improvements or depreciation,Basis only matters for commercial real estate; residential properties use a different calculation,A,"Depreciation reduces basis over time (residential: 27.5 years; commercial: 39 years). When sold, the accumulated depreciation is 'recaptured' at 25% — often the largest tax in real estate transactions. Tracking basis carefully is essential for accurate tax planning.",core,5
3,"Debt, Taxes & Planning",1,What is a qualified small business stock (QSBS) exclusion under Section 1202 and what are its requirements?,Investors in qualifying C-corps (assets <$50M at investment) can exclude up to 100% of capital gains (up to $10M or 10× basis) from federal tax if held for 5+ years — one of the most powerful tax benefits in the code,QSBS provides a 50% exclusion on gains from any small business stock held for 3+ years,"QSBS applies to S-corporations and LLCs, excluding C-corporations from the benefit",The exclusion is limited to $5M total per taxpayer regardless of the number of qualifying investments,A,"Post-2010 QSBS: 100% federal exclusion (some states conform, some don't — CA famously does not). Stacking: each investor gets the $10M exclusion, so a founding team can collectively exclude tens of millions. 'QSBS stacking' via gifts or trust transfers further multiplies the benefit.",core,5
3,"Debt, Taxes & Planning",1,"What is the difference between Chapter 7 and Chapter 13 bankruptcy, and what assets can you typically keep?",Chapter 7 liquidates non-exempt assets to discharge unsecured debts; Chapter 13 creates a 3–5 year repayment plan allowing you to keep assets like your home,Chapter 7 is for businesses only; Chapter 13 is exclusively for individual consumers,Both chapters provide identical debt discharge but differ only in court filing fees,Chapter 7 protects all assets; Chapter 13 requires surrendering all assets above $10K,A,Chapter 7 stays on credit for 10 years; Chapter 13 for 7. Chapter 13 requires regular income to fund the repayment plan. Homeowners behind on mortgage often choose 13 to stop foreclosure while catching up on payments.,reinforcement,6
3,"Debt, Taxes & Planning",1,What is a Required Minimum Distribution (RMD) and what are the consequences of failing to take it?,RMDs are mandatory annual withdrawals from tax-deferred accounts starting at age 73; failure to take the full RMD incurs a 25% excise tax on the shortfall,RMDs are optional withdrawals that trigger a 10% early withdrawal penalty if taken before age 59½,"RMDs apply to Roth IRAs starting at age 65, unlike traditional IRAs which have no mandate","The penalty for missing an RMD is 50% of the account balance, not the shortfall amount",A,SECURE Act 2.0 (2022) reduced the penalty from 50% to 25% (further reduced to 10% if corrected promptly). Roth IRAs have no RMDs during the owner's lifetime — a key advantage for estate planning.,reinforcement,6
3,"Debt, Taxes & Planning",1,What is FATCA's dual compliance structure involving both US persons and foreign financial institutions?,US persons must report foreign accounts >$50K on Form 8938 (FATCA) in addition to FBAR >$10K; FFIs must enter IGA agreements with the IRS to report US clients or face 30% withholding,FATCA only requires FFI reporting; US persons have no independent reporting obligation,"FATCA applies exclusively to US corporations with foreign subsidiaries, not individual taxpayers",FFIs report all account holders to the IRS regardless of citizenship; FATCA doesn't distinguish US persons,A,"Form 8938 (FATCA) and FBAR (FinCEN 114) are separate but overlapping requirements. FATCA thresholds are higher and more asset-inclusive. IGAs have made most major foreign banks FATCA-compliant, severely limiting offshore tax evasion.",reinforcement,6
3,"Debt, Taxes & Planning",1,What is a defined benefit cash balance plan and how does it differ from traditional pension plans for tax planning?,"A cash balance plan expresses the DB benefit as a hypothetical account balance with annual pay credits and interest credits; it allows much higher contributions than a 401(k), making it powerful for high-income self-employed individuals",A cash balance plan is a defined contribution plan with guaranteed minimum returns,Cash balance plans have the same annual contribution limits as 401(k) plans,"Cash balance plans require equal contribution rates for all employees, unlike regular pensions",A,"A 55-year-old physician can contribute $200K+ annually to a cash balance plan (vs. $30.5K 401k limit). The DB funding rules allow large catch-up contributions. Combined with a 401(k), this can shelter enormous income — but requires actuarial maintenance.",reinforcement,6
3,"Debt, Taxes & Planning",1,What is transfer pricing and what arm's-length standard governs cross-border intercompany transactions?,Transfer pricing sets prices for transactions between related entities; the arm's-length standard requires prices to equal what unrelated parties would negotiate in comparable circumstances — enforced by IRC §482,Transfer pricing is the practice of setting retail prices for international products in global markets,The arm's-length standard requires intercompany transactions to use the highest legal tax rate jurisdiction's pricing,"Transfer pricing only applies to tangible goods; intangibles (IP, software) are exempt from §482",A,"Transfer pricing manipulation (overpricing imports from low-tax affiliates, underpricing exports to them) shifts profits to tax havens. IRS §482 and OECD BEPS guidelines require documentation supporting arm's-length pricing — violations carry penalties up to 40% of the underpayment.",reinforcement,6
3,"Debt, Taxes & Planning",1,What is the tax treatment difference between short-term and long-term capital gains?,"Short-term gains (held <1 year) are taxed as ordinary income (up to 37%); long-term gains (held >1 year) qualify for preferential rates of 0%, 15%, or 20%","Short-term gains are tax-free up to $3,000; long-term gains are always taxed at 28%",Both are taxed identically at the taxpayer's marginal ordinary income rate,Short-term gains are taxed at 15%; long-term gains at ordinary income rates,A,The 1-year holding period creates a powerful tax incentive to hold investments. A high-income investor converting short-term to long-term treatment saves 17–22 percentage points in taxes — a significant return on patience.,reinforcement,7
3,"Debt, Taxes & Planning",1,What is the net investment income tax (NIIT) and how is it calculated for a high-income investor?,A 3.8% surtax on the lesser of net investment income or the amount by which MAGI exceeds $200K (single) / $250K (married),A flat 3.8% tax on all investment income regardless of total income level,An additional 3.8% capital gains tax replacing the 20% long-term rate for taxpayers above $1M,A surtax only on foreign investment income for US citizens living abroad,A,"Example: MAGI = $350K, NII = $100K, threshold = $200K. Amount over threshold = $150K. NIIT applies to min($100K, $150K) = $100K. NIIT = $3,800. This stacks on the regular capital gains rate (potentially 20% + 3.8% = 23.8%).",reinforcement,7
3,"Debt, Taxes & Planning",1,"What is the step-up in basis and how does the 'buy, borrow, die' strategy exploit it for wealth transfer?","Inherited assets reset to fair market value at death, eliminating lifetime appreciation gains; wealthy individuals exploit this by borrowing against appreciated assets (avoiding realization) and holding until death","Step-up basis doubles the cost basis for inherited assets, reducing but not eliminating capital gains","The step-up only applies to assets held in trust, not directly owned assets","The 'buy, borrow, die' strategy triggers tax at death to take advantage of lower estate tax rates",A,"Buy low-basis appreciated stock. Borrow against it (loans aren't income). Live off the loan proceeds tax-free. Die — heirs inherit at stepped-up basis, wiping out lifetime gains. Repay the loan from estate proceeds. Legally, no capital gains ever realized.",reinforcement,7
3,"Debt, Taxes & Planning",1,What is the SECURE Act 2.0 and what are its most significant changes to retirement account rules?,"SECURE 2.0 (2022) raised the RMD age to 73 (75 by 2033), reduced RMD penalties, added Roth 401(k) RMD elimination, created emergency savings accounts, and expanded catch-up contributions",SECURE 2.0 eliminated all required minimum distributions and allowed unlimited Roth conversions,SECURE 2.0 reduced 401(k) contribution limits to redirect savings toward Social Security,SECURE 2.0 replaced IRAs with a single universal retirement account with higher limits,A,Key changes: RMD age 73 (from 72); RMD penalty cut from 50% to 25%; Roth 401(k)s no longer have lifetime RMDs starting 2024; 529-to-Roth rollovers allowed; emergency savings linked to 401(k) plans. Each change has material planning implications.,reinforcement,7
3,"Debt, Taxes & Planning",1,What is the Pillar Two global minimum tax under OECD BEPS 2.0 and how does the Income Inclusion Rule (IIR) work?,Pillar Two establishes a 15% global minimum tax on large multinationals; IIR allows a parent country to 'top up' taxes when a subsidiary is taxed below 15% in a low-tax jurisdiction,Pillar Two sets a uniform 21% global corporate tax rate replacing all national corporate taxes,"IIR allows companies to choose their preferred tax jurisdiction regardless of operations, subject to a maximum 10% rate","Pillar Two only applies to US multinationals, exempting non-US companies from minimum taxation",A,"Applies to MNEs with €750M+ revenue. If Ireland (12.5%) taxes a subsidiary, the parent country's IIR collects 2.5% top-up tax. The Undertaxed Profits Rule (UTPR) acts as a backstop. Over 140 countries agreed to the framework — transforming decades of offshore tax structuring.",reinforcement,7
3,"Debt, Taxes & Planning",1,"What is the standard deduction vs. itemized deductions, and when does itemizing make financial sense?","Standard deduction is a fixed amount ($14,600 single/$29,200 married in 2024); itemizing makes sense only when total deductions (mortgage interest, state taxes, charity) exceed the standard deduction",Itemizing is always better because it allows more deductions; the standard deduction is only for those with no deductible expenses,The standard deduction applies only to W-2 employees; self-employed individuals must itemize,You can claim both standard and itemized deductions in the same tax year,A,"Since the 2017 Tax Cuts and Jobs Act nearly doubled the standard deduction, fewer than 15% of taxpayers now itemize. High-income earners in high-tax states or large mortgage holders are most likely to benefit from itemizing.",reinforcement,8
3,"Debt, Taxes & Planning",1,What is the 'pro-rata rule' and how does it affect backdoor Roth IRA conversions?,"The pro-rata rule requires all traditional IRA balances to be considered when converting, potentially making much of the conversion taxable even if the contributed amount was non-deductible",The pro-rata rule allows converting only a fixed percentage of IRA balances tax-free each year,"The pro-rata rule only applies to 401(k) rollovers into IRAs, not backdoor Roth conversions","The pro-rata rule exempts the first $6,500 of any IRA conversion from taxation",A,"Example: $100K in pre-tax IRA + $7K new non-deductible contribution → converting $7K means only 6.5% is tax-free (7/107). Solution: roll pre-tax IRA into an employer 401(k) first, leaving only the non-deductible amount to convert.",reinforcement,8
3,"Debt, Taxes & Planning",1,"What is the difference between the estate tax exemption and the gift tax annual exclusion, and how do they interact?",The lifetime exemption ($13.61M in 2024) covers both gifts above the annual exclusion and estates — taxable gifts reduce the remaining estate exemption dollar-for-dollar,The annual exclusion and lifetime exemption are completely separate with no interaction between them,The lifetime exemption resets to the full amount each year regardless of prior taxable gifts,Gifts above the annual exclusion are taxed immediately at 40% with no connection to the estate,A,The unified credit concept: each taxable gift above the $18K annual exclusion uses part of your $13.61M lifetime exemption. Only when that's exhausted do actual gift or estate taxes become due. Strategic gifting during life can shift future appreciation out of the estate.,reinforcement,8
3,"Debt, Taxes & Planning",1,What is a Puerto Rico Act 60 (formerly Acts 20/22) tax structure and what are the residency requirements?,"Qualifying residents pay only 4% corporate tax (export services) and 0% Puerto Rico tax on capital gains/dividends; requires 183+ days of bona fide residency, closer connections to PR, and PR domicile",Puerto Rico Act 60 provides federal income tax exemption for all US citizens who visit PR once per year,Act 60 provides a 15% flat tax rate on all income for US citizens relocating to any US territory,Act 60 eliminates capital gains taxes for US investors who hold PR bonds for 5+ years,A,"US territories can offer their own tax regimes. Because PR is not a foreign country, Act 60 residents still file US returns but exclude PR-sourced income. Critical: gains accrued before moving are still taxed by the IRS — only new gains after establishing residency qualify.",reinforcement,8
3,"Debt, Taxes & Planning",1,What is a synthetic equity arrangement in a nonqualified deferred compensation plan and how does Section 409A regulate it?,"Synthetic equity grants notional interests tied to company stock value without actual equity transfer; §409A strictly regulates deferral elections, payment triggers, and prohibits acceleration to prevent tax deferral abuse",Synthetic equity is equity held by a nominee shareholder on behalf of a NQDC plan participant,"Section 409A was repealed in 2022, making synthetic equity arrangements freely structured",Synthetic equity plans are only available to public companies subject to SEC disclosure requirements,A,"§409A violations are catastrophic: immediate inclusion of all deferred amounts, plus a 20% penalty, plus interest at the underpayment rate + 1%. Phantom stock, SARs, and deferred bonus plans all require meticulous §409A compliance — making this one of the most technically demanding areas of executive compensation law.",reinforcement,8
